aid,user_id,created,modified,titulo_Obra,autores,acronimo,fecha_fin,fecha_fin_espana,memoria,Tipo_Obra,colaboradores,usos,situacion_obra,pais_de_emplazamiento_de_la_obra,propuesta,cesion,imagen1,imagen1baja,imagen2,imagen3,imagen4,imagen5,imagen6,imagen7,imagen8,imagen9,imagen10,imagen11,credito_fotos,persona_contacto,telefono,email,email2,proteccion_datos,indicar_otros,indica_otros,otros_uso,otros_tipo,presupuesto,dimension,moneda,medida,para_quien,por_que,radios_group,checkboxes76,impactos,sociedad,economa,medio_ambiente,transversal,declaracion,cliente,constructora,direccion
20,0,"2022-02-23 12:46:55","2022-02-24 08:38:47",VU4B,TDA®,TDA454,08-12-2020,"No procede","Creo que uno no puede conseguir una expresión clara de nuestro tiempo sino es capaz de utilizar una disciplina constructiva clara. 
Estoy convencido que la arquitectura no puede ser otra cosa que la expresión de una civilización.
La expresión de la esencia de esa civilización.
Yo suelo comparar la arquitectura con el lenguaje. Para dominar verdaderamente un idioma, uno debe dominar su gramática. Entonces uno podría expresarse con claridad. Uno podría decir cosas muy normales en un idioma, uno puede enunciar cosas muy lógicas y, si uno es un poeta, incluso puede expresar cosas artísticas en un idioma.
Y yo creo que en la arquitectura ocurre exactamente lo mismo.

Extracto del documental MIES.
Michael Blackwood. 1986. 
Colección Arquia /Documental.



Esta reflexión de Mies provoca la búsqueda del fin ultimo de la arquitectura.
En este tiempo contemporáneo cuando saturación y velocidad atenúan la atención, 
asumimos el rol de la arquitectura no protagonista. 
Apelamos al silencio.
Entendemos la claridad constructiva basada en la disciplina.
El camino transitado por nuestro estudio desde su inicio hasta estos días es este.
Aprender, modos y modismos, practicar su uso, entender el momento indicado para utilizar un adjetivo,
saber reconocer un verbo, ejercitar la exactitud, mantenerse en pausa... escuchar.
Mas allá de los resultados, fortalecemos la idea del camino como disciplina.
Establecemos una única conversación, 
la esperanzadora mejora del habitar humano dentro del planeta, 
mediante el uso razonable de los recursos y apuntando al constante ejercicio del aprendizaje en conjunto, como socios, en sociedad. 
No nos interesa lo particular, si aprehender. 
(cuando se estudia se aprende, pero cuando se interactúa con el entorno se aprehende).
De aquello, podemos transformar materia en material, imaginario en concreto y proceder con riguroso análisis a la decisión que comunique con máxima claridad una idea, sea esta una piedra, una palabra o un espacio habitable.
Así, la conversación se intensifica, la relación entre emisor y receptor se refina, 
haciéndose cada vez mas certera, mas precisa, mas humana.
Conferimos a la convocación de la materia como disciplina autentica del pensar arquitectónico, 
le damos rol de palabra, y con ella decimos cosas…
Que amamos la sombra y el paisaje, que repetimos sin cansancio para disfrutar el espacio entre muchos, que utilizamos los conocimientos para vencer la gravedad y los miedos, que reconocemos nuestras limitaciones y por ello pedimos ayuda, que hacemos para proteger y compartir y sobre todo que pensamos en libertad e imaginamos únicos lugares donde mejor habitar.
Como una frase mas dentro de la conversación general, esta pequeña casa es una pausa en el constante ruido de la ciudad, ausente y desapercibida, esta hecha de vacío, jardines, aire, luz y algún que otro ladrillo.

Sigamos hablando, pero aun mejor intentemos escuchar mas y mejor… hasta los silencios.
","Obra nueva","Colaboradores: Gustavo Ontaneda, Alberto Martínez, José González, Isidro Báez, 
Nelson Alzarize, Edgar Cabrera, Derlis Medina, Aldo Gómez.
Diseño estructural: TDA® + José González                                                                              
Calculo estructural: José González
","[""Residencial""]","8 DE DICIEMBRE CASI GUILLERMO LEOZ",Paraguay,20220224083847_biau.pdf,20220224083847_autorizaci-n-de-cesi-n-gratuita-de-la-documentaci-n.pdf,20220224083847_mol-xacebans-40ar.jpg,20220224083847_mol-xacebans-40.jpg,20220224083847_mol-xacebans-13.jpg,20220224083847_mol-xacebans-18.jpg,20220224083847_mol-xacebans-21.jpg,20220224083847_mol-xacebans-30.jpg,20220224083847_mol-xacebans-31.jpg,20220224083847_mol-xacebans-34.jpg,20220224083847_mol-xacebans-35.jpg,20220224083847_mol-xacebans-37.jpg,20220224083847_mol-xacebans-38.jpg,20220224083847_mol-xacebans-24.jpg,"LEONARDO MENDEZ","MIGUEL DUARTE",+595981860546,miguel@tda.com.py,miguel@tda.com.py,1,,,,,80.000,220,Dólares,M2,"FAMILIA REINER GROSSLING","El encargo se da en un barrio en desarrollo dentro de la localidad deLuque, departamento central del Paraguay.
La zona es caracterizada por una alta concentración de carácter industrial, por ende una ausencia absoluta de espacio publico.
La propuesta aunque de carácter privado (vivienda) explora la posible permeabilidad de la ciudad liberando la planta baja para configurarla como 
transicion entre lo publico y lo privado, un intersticio.
Asi la casa se suspende completamente para generar una plaza cubierta en nivel de terreno, manteniendo un arbol preexistente 
la casa configura su forma en cruz liberando todos los cuadrantes.
el volumen superior queda ciego al exterior logrando internamente terrazas de ventilación e iluminación natural, atrapando el cielo como contexto.
Una piel estructural de ladrillos comunes rojos otorga una segunda capa de aislacion térmica y define con claridad la morfología de la vivienda, 
trabajando con delicadeza escala y honestidad materica.
La plaza cubierta, otorga la tan anhelada sombra, espacio de convivencia absoluto para nuestro cotidiano, donde la temperatura media entre los 30 a 45 grados centígrados
y la humedad roza el 70%, por ello esta galeria se convierte en el ámbito de relación social e ideal confortable para los usuarios.",,,,"[""Equidad espacial""]","[""Accesibilidad a la vivienda""]","[""Eficiencia energética"",""Espacios saludables""]","[""Ciencias de ciudad""]",20220224083847_declaraci-n-jurada.pdf,"PERLA Y LUIS GROSSLING",TDA®,"MONTE ALTO 4545 CASI RAMOS ALFARO"
21,0,"2022-02-23 17:02:04","2022-02-24 08:38:47","Habitando una galería de arte","Filipe Magalhães, Ana Luisa Soares, Ahmed Belkhodja, Lera Samovich",XYZ097,30-09-2021,"No procede","Un bajo comercial de un común y estrecho bloque de vivienda de los setenta se transforma en un apartamento para dos. El programa es claro, la composición no mucho.
Olas de pavés y nubes de malla metálica resuelven un espacio no doméstico que también puede ser habitado. Dos paredes curvas atraviesan suavemente los dos niveles, separando de manera difusa lo privado de lo público. Un eje longitudinal se enmarca con dos veladuras metálicas. La fachada trasera se compone de capas de vidrio, espejo, recortes metálicos, patrones estables y pasamanos peculiares. El frente es una masa brumosa de nubes.
La paleta de materiales disuelve la división tradicional entre lo privado y lo público de una casa. Los materiales empleados en el proyecto son económicos gracias a su origen local aunque sean empleados de una manera poco habitual. Se podría hacer referencia al sentido erótico de la transparencia de Ito y los experimentos de superposiciones y capas de Hasegawa. El proyecto quiere ser una especial respuesta a una cuestión que habitualmente es despreciada ","Ampliación, reforma o rehabilitación","Francesca Girardi
Ana Lima
Virginia Ricceri
Joana Sendas
Paulo Sousa
","[""Residencial"",""Servicios""]","Rua Moreira de Assunção 11, 4000-374 Oporto",Portugal,20220224083847_biau.pdf,20220224083847_autorizaci-n-de-cesi-n-gratuita-de-la-documentaci-n.pdf,20220224083847_mol-xacebans-40ar.jpg,20220224083847_mol-xacebans-40.jpg,20220224083847_mol-xacebans-13.jpg,20220224083847_mol-xacebans-18.jpg,20220224083847_mol-xacebans-21.jpg,20220224083847_mol-xacebans-30.jpg,20220224083847_mol-xacebans-31.jpg,20220224083847_mol-xacebans-34.jpg,20220224083847_mol-xacebans-35.jpg,20220224083847_mol-xacebans-37.jpg,20220224083847_mol-xacebans-38.jpg,20220224083847_mol-xacebans-24.jpg,"Francisco Ascenção, Ivo Tavares","Filipe Magalhães","+351 913 134 612",fala.atelier@gmail.com,fala.atelier@gmail.com,1,,,,,145000,200,Euro,M2,"Gracias a que el promotor en este caso es el mismo usuario del proyecto ha concedido libertad a la hora de experimentar en transformar un espacio no doméstico en habitable.
Es por ello, que desde su inicio la buena actitud del cliente ha permitido plantear la disolución de los límites entre lo público y lo privado. Como también disfrutar de los beneficios de vivir a nivel de la calle, siendo primordial para este ya que deseaba poder utilizar su casa como una galería de arte, como también poseer un jardín trasero para una mayor cualidad ambiental de la casa. ","El hecho de domesticar un espacio que no se contemplaba para tal fin, abre la puerta a nuevas soluciones que permitan adaptar las plantas bajas de los edificios en habitables. Así pues, permite una mayor viabilidad económica de este tipo de proyectos, como también abre un nuevo camino en la reutilización de tipologías planteadas en un inicio con una única funcionalidad.
Por tanto, esta es una posible vía para contrarrestar la gran demanda de vivienda en las ciudades y la sobresaturación del mercado inmobiliario con bajos comerciales y garajes inutilizados a causa de la repetición de modelos hegemónicos en nuestras ciudades.
Es por ello, que se toma conciencia de los estragos que supone estos modelos. Y se plantea una vivienda con funciones indeterminadas permitiendo, en un futuro, que esta casa pueda tener un uso completamente diferente al residencial. Hecho que contribuye a la capacidad de cambio del proyecto sin una gran inversión económica en este y asegurar un ahorro de recursos y reducir su impacto ambiental. ",,,,"[""Usos mixtos""]","[""Tenencias alternativas"",""Accesibilidad a la vivienda"",""Regeneración urbana""]","[""Rehabilitación""]","""""",20220224083847_declaraci-n-jurada.pdf,"Braddlee y Prince","Civiflanco lda","Rua do Gerês, 11. 4050-286 Oporto, Portugal"
22,0,"2022-02-23 17:05:26","2022-02-24 08:38:47","Seis casas y un jardín ","Filipe Magalhães, Ana Luisa Soares, Ahmed Belkhodja, Lera Samovich",XYZ075,30-08-2019,"No procede","Dos edificios con una apariencia similar, uno muy alargado y el otro más estrecho. Seis casas —cuatro idénticas y dos excepcionales— alrededor de un jardín común, escondidas dentro de una manzana. Una arquitectura tejiendo la fragmentada realidad.
La composición de cada espacio interior combina líneas ortogonales, diagonales y curvas. El perímetro ligeramente distorsionado de las estancias establece su delimitación; los espacios principales son resultado de una substracción de superficies en conflicto que albergan el resto del programa. Los esbeltos postes metálicos aportan una tensión vertical; las aberturas circulares conectan funcionalidades habitualmente inconexas. Trabajando dentro de un volumen muy reducido, con esta combinación de geometrías contradictorias se obtienen unos espacios del habitar poco convencionales
La materialidad de los peculiares interiores continúan su complejidad. Las paredes son sencillamente blancas, los forjados son de hormigón en bruto, el suelo se pavimenta con mármol azulado pulido y el techo inclinado se pinta de rosa. Decisiones que permiten reducir el presupuesto pero sin verse comprometida la calidad arquitectónia.
En el exterior, las casas definen una columnata continua que enmarca un jardín común donde no se distingue la división entre cada casa. La fachada es una superposición rítmica de varios elementos —las esbeltas columnas metálicas, las puertas azules a rayas, las cajas negras de los lucernarios—. El tejado está formado por dos capas: un plano rosado ondulado adherido por debajo de la chapa metálica, que acentúa la delgadez de la cubierta. Alrededor, el más honesto y precioso escenario urbano que define el fondo idílico para el presente ejercicio arquitectónico. ","Ampliación, reforma o rehabilitación","Rute Peixoto
Paulo Sousa
","[""Residencial"",""Espacios libres""]","Rua de São Dinis 593, 4250-428 Oporto.",Portugal,20220224083847_biau.pdf,20220224083847_autorizaci-n-de-cesi-n-gratuita-de-la-documentaci-n.pdf,20220224083847_mol-xacebans-40ar.jpg,20220224083847_mol-xacebans-40.jpg,20220224083847_mol-xacebans-13.jpg,20220224083847_mol-xacebans-18.jpg,20220224083847_mol-xacebans-21.jpg,20220224083847_mol-xacebans-30.jpg,20220224083847_mol-xacebans-31.jpg,20220224083847_mol-xacebans-34.jpg,20220224083847_mol-xacebans-35.jpg,20220224083847_mol-xacebans-37.jpg,20220224083847_mol-xacebans-38.jpg,20220224083847_mol-xacebans-24.jpg,"fala, Ricardo Loureiro","Filipe Magalhães","+351 913 134 612",fala.atelier@gmail.com,fala.atelier@gmail.com,1,,,,,120.000,350,Euro,M2,"A partir de la idea de vivir en comunidad, uno de los grandes beneficios que reciben los usuarios en el proyecto, es la posibilidad de disfrutar en la ciudad densa de las cualidades ambientales y psicológicas que ofrece su jardín. Otro factor importante, es la adaptación de la construcción prexistente a las exigencias de habitabilidad actuales y dentro de un presupuesto ajustado. Para así poder conceder una accesibilidad económica a la vivienda de sus usuarios mediante alquileres económicos de larga temporada evitando los apartamentos turísticos y así poder preservar los principios de comunidad del proyecto. ","Uno de sus elementos característicos es la reinterpretación de un modelo de habitar preexistente, como son las viviendas en interior de manzanas, y concederle una mayor cualidad ambiental a todo el conjunto gracias al jardín comunitario de las seis casas que contiene el proyecto. Por tanto, las incomodidades que supone vivir en la ciudad, como es la contaminación acústica, ambiental, la poca iluminación y ventilación cruzada. Se ve resuelta con la decisión de mantener un vacío comunitario en el interior de la manzana.
A su vez, otro de los aspectos iniciales fue el uso de materiales duraderos para una mayor prolongación de su vida útil, contribuyendo a la reducción del consumo de recursos de la construcción. Factor, que habitualmente se ve comprometido en proyectos con reducido presupuesto.
En adición, comentar los beneficios de habitar en comunidad, al permitir una mayor interacción de sus usuarios, los cuales suelen vivir en soledad. Como también, a nivel de recursos ambientales y económicos al poder disfrutar de un espacio exterior común, que no podría tener ser posible dentro de las características del proyecto si se tratase de un espacio privado. ",,,,"[""Equidad espacial""]","[""Accesibilidad a la vivienda"",""Regeneración urbana""]","[""Rehabilitación"",""Espacios saludables""]","""""",20220224083847_declaraci-n-jurada.pdf,"Domingo Discreto, Lda","Civiflanco lda","Rua do Gerês, 11. 4050-286 Oporto, Portugal"
23,0,"2022-02-23 23:58:08","2022-02-24 08:38:47","Pop Up Pandémica Hotel San Cibrao","MOL Arquitectura (Muiños Otero López Arquitectura)",POP22,"No procede",27-03-2021,"Antecedentes_
La irrupción de la Covid-19, ha exigido un replanteamiento de la hostelería. La coyuntura pandémica exige nuevas soluciones para garantizar como objetivo prioritario la salud de todos los clientes y trabajadores. Para garantizar ocupación máxima y distancias de seguridad entre mesas, se plantea el habilitar la terraza exterior, acondicionándola como pop up temporal.
 Propuesta_ 
Se proponen una actuación en clave contemporánea, y fundamentalmente adaptada a la situación sanitaria actual, permitiendo un entorno  seguro para los clientes cubierto, pero  ventilado. En cuanto a la materialidad, el predominio de una paleta de acabados fácilmente higienizables.  Se opta por un  pavimento continuo  de  terrazo ejecutado in situ, que lo carecer de juntas, garantizadoras una mayor facilidad de desinfección.
Para poder integrar la actuación, además de la estructura ligera formada por un sistema de  andamiaje  lacado en color blanco, se opta por un  policarbonato transparente ondulado.
Se trata, en definitiva, de generar un espacio de  transición pero que funcione como  nodo de actividad principal para todos los usuarios del hotel, restaurante y cafetería.
 Eficiencia energética_  
Además de la instalación de un emparrado bioclimático, se colocan unos conductos de climatización textiles conectados a unos fancoils aerotérmicos que permiten el control de la temperatura de la zona de pop up.
Mediante la regulación de ventanas motorizada elevables se gestiona la ventilación exterior. 
La nueva instalación eléctrica,  incorpora luminarias regulables y programables de  tecnología  LED para fomentar el ahorro energético, 
Se instaló un sistema de nebulización de agua para refrigeración de cubierta en verano, además del riego por goteo de las jardineras de cubierta que alojan la vegetación de fachada y de emparrado bioclimático (Trachelospermum jasminoides, glicinia, romero, lavanda, bouganvillea, etc). Se realiza un pozo drenante para recoger el agua de pluviales de la gárgola del extremo, y un aljibe estanque para reutilizar dicho agua en el sistema de riego y de nebulización. 
Bajo coste_
Para poder conseguir una actuación de bajo coste, se opta por una paleta de materiales muy reducida. En el cuerpo de pop up, se ejecuta con una estructura conformada con un sistema de andamiaje lacado en blanco. Mediante una línea de coronación de plataformas de andamios, se genera el paso técnico para alojar las jardineras, y los tensores del emparrado bioclimático.
Para los revestimientos de cubierta,  de fachada principal, así como de los ventanales motorizados, se optó por una lámina ondulada de policarbonato.
 Mobiliario y re-uso_
Para las mesas, se optó por reutilizar puntales y tableros de encofrar, para realizar las mesas. El zócalo y cornisa técnica se ejecutaron con el mismo tipo de tablero.
","Proyecto efímero","Arquitectos: Cecilia L. Muiños y Juanjo Otero 
Arquitecto Técnico: Luis Angel López Gómez
Paisajismo: Alberto Otero Carneiro","[""Servicios""]","Ricardo Martín Esperanza, 12, 32911 San Cibrao das Viñas, Ourense ",Espana,20220224083847_biau.pdf,20220224083847_autorizaci-n-de-cesi-n-gratuita-de-la-documentaci-n.pdf,20220224083847_mol-xacebans-40ar.jpg,20220224083847_mol-xacebans-40.jpg,20220224083847_mol-xacebans-13.jpg,20220224083847_mol-xacebans-18.jpg,20220224083847_mol-xacebans-21.jpg,20220224083847_mol-xacebans-30.jpg,20220224083847_mol-xacebans-31.jpg,20220224083847_mol-xacebans-34.jpg,20220224083847_mol-xacebans-35.jpg,20220224083847_mol-xacebans-37.jpg,20220224083847_mol-xacebans-38.jpg,20220224083847_mol-xacebans-24.jpg,"Héctor Santos-Díez","Cecilia López Muiños",620555720,cecilia@molarquitectura.com,cecilia@molarquitectura.com,1,,,,,33613,140,Euro,M2,"El desarrollo del proyecto busca la recuperación de una terraza para permitir a los usuarios del hotel y del restaurante. Busca la articulación como nodo icónico en un polígono caracterizado por su dureza.","_ Valores 
Valores asociados a la  rehabilitación y regeneración_
En un entorno industrial muy abrupto y duro, se propone que la pop up sea un nodo de confluencia de los clientes buscando la máxima ligereza, y con una materialidad basada en la vegetación. El planteamiento del proyecto es que contribuya a la regeneración del polígono industrial donde se enclava.

 Valores profesionales_
La irrupción de la Covid-19, ha exigido un replanteamiento de la hostelería. El proyecto busca salvaguardar durante la coyuntura pandémica los puestos de trabajo de los empleados del hotel e incorporar nuevas soluciones para garantizar como objetivo prioritario la salud de todos los clientes y trabajadores. Para garantizar ocupación máxima y distancias de seguridad entre mesas, se plantea el habilitar la terraza exterior, acondicionándola como pop up temporal, con acabados y soluciones constructivas efímeras, pero fácilmente higienizables.
",,,,"[""Espacios accesibles""]","[""Regeneración urbana""]","[""Espacios saludables"",""Turismo sostenible""]","[""Autosuficiencias comunitarias""]",20220224083847_declaraci-n-jurada.pdf,"DEBALT UP, S.L. ","Construcciones Metalicas Elias J. Iglesias SL","Rúa Liberdade 31"
24,0,"2022-02-24 08:38:47","2022-02-24 08:38:47","Humanización de depósito de agua y creación de mirador en Xacebáns _O Cagadoiro_Quintela de Leirado_Ourense","MOL Arquitectura (Muiños Otero López Arquitectura)",XCB00,"No procede",23-03-2021,"Antecedentes_
La actuación planteada pretende la humanización del espacio público situado en el entorno del depósito de agua de  Xacebáns en el Concello de Quintela de Leirado, para la realización de un mirador y área de estancia para los senderistas.
La intervención se integra perfectamente en el contorno, mediante una serie de actuaciones  puntuales que pretenden el camuflaje en el lugar. Se trata de buscar  la humanización del lugar mediante la ejecución de una  envolvente de madera de pino termotratada, acero corten, y con el empleo de vegetación en  tonos verdes y marrones, generando un área lúdica de estancia y  disfrute de las magníficas vistas. 

Envolvente de metal y madera.
En las plataformas existentes se generan zonas de estancia y miradores, con la incorporación de una  envolvente de madera de pino de Galicia  termotratada y acero corten.  La  barandilla del plano de estancia más elevado se realiza con hierro  corrugado para permitir un mayor  disfrute de las vistas.  
Para el control solar, se realiza un emparrado de de hierro que funciona a modo de  brisoleil.

Pavimentos
El  pavimento predominante está formado por  un entablado de madera de pino gallego  termotratada. Se opta por una solución sostenible por posee el sello de silvicultura sostenible  FSC, y  kilómetro cero ya que proviene del monte gallego, con la garantía de la Fundación Arume. 
La escalera se realiza en chapa de acero corten y acero corrugado. 


Vegetación  y emparrado bioclimático_
En la zona de espera de los padres, se dispone un emparrado bioclimático formado por soportes y celosías en acero corrugado, Se opta por vegetar dicha estructura con glicinias.
Además de ser un espacio de  disfrute de la naturaleza, se articula parte de cubierta ajardinada a modo de elemento de transición e incorporación con el entorno natural.  

Agua. 
Se juega con el agua como un material más, recuperando mediante gárgola y cuencos de acero corten los  rebosaderos  del depósito, reconduciendo las aguas sobrantes. 
Además del sonido del agua cayendo se introduce la dimensión del movimiento en la actuación. 
","Proyecto urbano","Arquitectos:Cecilia López Muiños y Juanjo Otero Vázquez
Arquitecto técnico: Luis Ángel López Gómez
Paisajismo:Alberto Otero Carneiro","[""Espacios libres"",""Transportes e infraestructuras"",""Agropecuarios y forestales""]","Xacebáns_Quintela de Leirado_Ourense",Espana,20220224083847_biau.pdf,20220224083847_autorizaci-n-de-cesi-n-gratuita-de-la-documentaci-n.pdf,20220224083847_mol-xacebans-40ar.jpg,20220224083847_mol-xacebans-40.jpg,20220224083847_mol-xacebans-13.jpg,20220224083847_mol-xacebans-18.jpg,20220224083847_mol-xacebans-21.jpg,20220224083847_mol-xacebans-30.jpg,20220224083847_mol-xacebans-31.jpg,20220224083847_mol-xacebans-34.jpg,20220224083847_mol-xacebans-35.jpg,20220224083847_mol-xacebans-37.jpg,20220224083847_mol-xacebans-38.jpg,20220224083847_mol-xacebans-24.jpg,"Héctor Santos-Díez","Cecilia López Muiños",620555720,info@molarquitectura.com,info@molarquitectura.com,1,,,,,16806,"106.30 ",Euro,M2,"La propuesta en cuanto al sistema constructivo busca una circularidad absoluta en el empleo de los materiales del entorno, y que, a partir del blockchain, permite un control preciso de la trazabilidad de madera del bosque gallego próximo.
Se busca que el mirador sea un nodo comunitario, y elemento icónico en la ruta senderista a Penagache 
La materialidad predominante está formada por un entablado de madera de pino gallego  termotratada. Se opta por una solución sostenible que posee el sello de silvicultura sostenible  FSC, y  kilómetro cero ya que proviene del monte gallego, con la garantía de la Fundación Arume. 
","En plena Red Natura, un elemento funcional como es el depósito de agua comunitario del pueblo de Xacebáns, se rehabilita para convertirlo en mirador con emparrado bioclimático.  
Se pretende la descarbonización del depósito con una piel formada por pino de Galicia termotratado. 
El aprovechamiento del agua, encauzándola y contribuyendo mediante el sonido a dotar el entorno de nuevas dimensiones, introduciendo la dimensión del movimiento en la actuación. 
",,,,"""""","[""Regeneración urbana""]","[""Reducción emisiones C02"",""Rehabilitación"",""Turismo sostenible"",""Protección biodiversidad""]","""""",20220224083847_declaraci-n-jurada.pdf,"Concello de Quintela de Leirado","Jocsa Investimentos, S.L.  ","Rúa Liberdade 31, Ourense (España)"
26,0,"2022-03-01 16:32:13",,"Loft A. Transformación de taller en vivienda en el barrio de la Milagrosa de Pamplona","arrova | atelier rojo-vergara (arquitectos Enrique Rojo Asín y Cristina Vergara Lacuey)",LAP010,"No procede",01-03-2021,"La nueva vivienda surge de la transformación de un antiguo taller de reparación de motocicletas, intentando ser un prototipo para este tipo de reconversiones en el barrio.
Dado el desnivel entre las calles en el que se sitúa el loft, éste actúa como podio para el resto de la edificación. Uno de los objetivos del proyecto es despojar al local de todos los elementos existentes innecesarios de forma que se pudiera liberar y mostrar esta estructura de gran potencia y plasticidad. El sistema estructural, de naturaleza tectónica puesto que se compone de pilare, vigas y losas de hormigón, permite además la apertura de las fachadas tanto hacia la calle como hacia el patio de manzana. La transparencia de las mismas y su diferente orientación consiguen dotar al espacio de una gran serenidad gracias a una luz blanca difusa y continua. A su vez, esta operación permite que la entrada se transforma entonces en un porche, un jardín urbano semiprivado que ejerce tanto de filtro como de espacio de unión y transición entre la vivienda y la calle. 
Internamente, el proyecto regulariza la planta de forma que se crea un espacio central libre mientras que las instalaciones y el almacenaje quedan compactados en la superficie restante. Así el espacio principal se entiende como un gran escenario blanco en el que, gracias a la introducción de una nueva estructura que se ancla a los pilares existentes, surge un podio que permite configurar diferentes estancias manteniendo sin embargo la continuidad en toda la vivienda. No obstante, la noción de profundidad y escala en este espacio abstracto queda definida mediante elementos verticales de madera de okume, planos tanto fijos como móviles que permiten descubrir la cocina o el baño de manera que estos usos queden ocultos, pero a la vez accesibles. Se trata en definitiva de una escenografía similar a las propuestas por el arquitecto suizo Adolphe Appia en la que el nuevo espacio que surge bajo el podio se transforma en un estudio en el que poder trabajar, un foso de escenario doméstico, a fin de cuentas. Este espacio, al contrario que el resto del loft, se define por muros de hormigón y las cimentaciones existentes del edificio, siendo así una continuación del plano del suelo. La concreción de manera deliberada de ese espacio con un uso y una materialidad específica permite liberar al resto de las plataformas de una función concreta, dotando así a la vivienda de una gran flexibilidad en el que cada plataforma puede albergar cualquier actividad. Además, y para potenciar aún mas la flexibilidad de uso, las escaleras pasan a ser muebles que pueden modificar su posición a placer, surgiendo así múltiples recorridos y configuraciones internas. Esta estrategia de superficies indefinidas es lo que permite al usuario apropiarse del espacio según sus necesidades, ya que, al fin y al cabo, un loft ha de ser, tal y como su propia etimología indica, un lugar abierto, un lugar atemporal en el que poder vivir y trabajar de manera flexible.","Ampliación, reforma o rehabilitación","Sara Bonet -  Cálculo de estructuras","[""Residencial""]","Santa Marta 10, Pamplona",Espana,20220301163212_xiibiau-lap010-panel.pdf,20220301163212_xiibiau-modelo-de-autorizacion-para-difusion.pdf,20220301163212_05-loft-a-bergeraphoto-copy.jpg,20220301163212_05-loft-a-bergeraphoto.jpg,20220301163212_03-loft-a-bergeraphoto.jpg,20220301163212_11-loft-a-bergeraphoto.jpg,20220301163212_13-loft-a-bergeraphoto.jpg,20220301163212_16-loft-a-bergeraphoto.jpg,20220301163212_17-loft-a-bergeraphoto.jpg,20220301163212_20-loft-a-bergeraphoto.jpg,20220301163212_21-loft-a-bergeraphoto.jpg,20220301163212_loft-a-iso.jpg,20220301163212_loft-a-plans.jpg,20220301163212_loft-a-section-a.jpg,"Iñaki Bergera","Enrique Rojo Asín",+34650958398,info@arrova.eu,info@arrova.eu,1,,,,,184768,"226,16",Euro,M2,"El proyecto está pensado para una joven pareja acostumbrada a viviendas menos rígidas que las que normalmente se desarrollan en España tras haber vivido en Suiza varios años.","El objetivo principal de la intervención era dividir el espacio sin utilizar particiones verticales para poder flexibilizar los usos al máximo además de permitir así la apertura máxima de las visuales hacia las fachadas. De esta forma se introdujo el podio que crea los semi niveles que permiten diferenciar los espacios sin perder continuidad. Esta idea de vivienda continua choca de de pleno con la normativas de habitabilidad propuestas en la mayor parte de España ya que éstas sólo contemplan el desarrollo de pisos con divisiones interiores claramente estructuradas. La nueva tipología de vivienda que se propone en nuestro proyecto, en el que los espacios pueden desempeñar varios usos gracias a unas dimensiones mayores de los que se exigen por las citadas normativas, sitúan al proyecto en el margen de lo usual. Sin embargo, confiamos que con el tiempo construcciones de características similares pasen a ser opciones habituales a disposición de los usuarios de manera que los usuarios tengan un mayor abanico de tipologías entre los que elegir su vivienda.",,,,"[""Usos mixtos""]","[""Regeneración urbana""]","[""Rehabilitación""]","[""Proyectos urbanos integrales""]",20220301163212_xiibiau-obras-modelo-declaracion-arquitecto.pdf,"Enrique Rojo Asín y Cristina Vergara Lacuey ","Construcciones Bakaikoa S.L.
Carpintería madera - Lakumatek
Carpintería metálica - Renoven",
27,0,"2022-03-02 10:51:47",,"CASA CON ARBOL","CRISTINA GARCIA BAEZA / IÑAKI PÉREZ DE LA FUENTE",CAM022,"No procede",15-06-2021,"LA CASA CON ÁRBOL se encuentra en la ciudad mediterránea de Málaga, al sur de España.
Situada en la Calle Pacífico,una de las vías principales del Nuevo Paseo Marítimo de Málaga al oeste de su Centro Histórico, con grandes equipamientos de ciudad y zonas de ocio vinculadas al mar. Por la singularidad de las vistas y la presencia del tráfico en este importante eje urbano, el principal objetivo del proyecto ha sido introducir las vistas del mar en el interior de la vivienda, manteniendo la privacidad de sus habitantes.

El solar de la vivienda compondrá junto a otros cuatro solares el frente sur del tradicional conjunto residencial protegido “Torres de la Serna” de mediados del siglo XX. El proyecto cuida la escala a la vez que desarrolla una imagen contemporánea con una fachada-celosía. Tras ella, las distintas plantas de la vivienda desarrollan espacios semi exteriores, dotando a la vivienda de lugares de esparcimiento al aire libre, que amplían el programa interior y filtran los espacios del Paseo Marítimo, amortiguando el impacto del tráfico sin renunciar a las vistas del mar.

La vivienda con Planta Baja+2 y Ático se desarrolla en cuatro niveles: Acceso y garaje en planta Baja, Zona de Noche en planta Primera, Zona de Día en planta Segunda y Ocio y Piscina en planta Cubierta. La relación de cada nivel con el exterior se realiza a través de la celosía de fachada de chapa perforada, con una mayor transparencia en los niveles superiores. Los dormitorios se abren a una zona ajardinada con árbol, sobre ella, un espacio único y diáfano entre la fachada marítima y la terraza trasera configura la zona de día. El ático con privilegiadas vistas del paisaje de la ciudad se destina a zona de ocio y piscina. Un lucernario junto a ella, permite vistas cruzadas con la zona de día de la vivienda. La CASA CON ÁRBOL es una casa permeable a la luz y las vistas, que gracias a sus espacios semi exteriores privados incorpora los beneficios de la naturaleza en las propuestas residenciales urbanas. 
","Obra nueva","ANTONIO MATÁS MORENO-Arquitecto Técnico","[""Residencial""]","C/ Peñón del Berrueco, 2, C/ Carlos Rein 9, y C/ Pacífico 12. 29002. Málaga",Espana,20220302105146_cam022-panel.pdf,20220302105146_xiibiau-modelo-de-autorizacion-para-difusion-oam-arquitectos.pdf,20220302105146_casa-con-arbol.jpg,20220302105146_1-entrada.jpg,20220302105146_2-escaleras.jpg,20220302105146_3-dormitorio-fachada.jpg,20220302105146_4-cocina-comedor-patio.jpg,20220302105146_5-salon-cocina-terraza.jpg,20220302105146_6-hueco-vistas-1.jpg,20220302105146_7-terraza-fachada-arbol.jpg,20220302105146_8-comedor-lucernario.jpg,20220302105146_9-piscina-azotea.jpg,20220302105146_10-fachada.jpg,20220302105146_11-fachada-detalle.jpg,"OAM ARQUITECTOS","CRISTINA GARCIA BAEZA",650289480,estudio@oamarquitectos.es,estudio@oamarquitectos.es,1,,,,,320.486,381,Euro,M2,"LA CASA CON ÁRBOL es  el nuevo lugar de encuentro para una pareja con una hija pequeña y dos hijos jóvenes adolescentes. ","LA CASA CON ÁRBOL se trata del primer lugar de convivencia común para todos ellos, que previamente  vivían separados por circunstancias de sus respectivos madre y padre. Siendo una nueva forma de vida y familia, en el proyecto se contempla y se suceden lugares para los distintos ritmos vitales y necesidades  (infancia-adolescencia),  zonas de burbujas personales (tratándose de una nueva convivencia  en familia) y zonas exteriores semiprivadas o comunes en las que poder disfrutar del agradable clima mediterráneo. ",,,,"""""","[""Regeneración urbana""]","[""Reducción emisiones C02"",""Eficiencia energética"",""Espacios saludables""]","[""Proyectos urbanos integrales""]",20220302105146_xiibiau-obras-modelo-declaracion-arquitecto-oam-arquitectos.pdf,"FAMILIA IDENTIFICACIÓN PRIVADA","CONSTRUCCIONES MADRID","CALLE MADRE DE DIOS, 20. BAJO DERECHA. 29012. MÁLAGA"
28,0,"2022-03-03 12:54:20",,"CASA Z. Rehabilitación de vivienda en el Valle de Jerte","Arq. Joaquín Mosquera Casares y Arq. Syra Abella Bule",CAZ079,"No procede",01-01-2021,"La vivienda se encuentra en el casco histórico del municipio de Cabezuela del Valle, en el Valle del Jerte, un área protegida patrimonialmente. Se sitúa entre medianeras con dos fachadas en sus frentes cortos a dos cotas diferenciadas y con un fondo de 25 metros. Su rehabilitación integral se debía al estado de grave deterioro con la intención de habitarla de nuevo después de años de abandono. La cubierta debía ser sustituida al completo, así como gran parte de su estructura, además de adaptar los usos interiores a las nuevas necesidades como vivienda.
El proyecto toma como punto de partida el requisito por parte de Patrimonio del mantenimiento de la forma volumétrica existente, con una cubierta de teja árabe a dos aguas con cumbrera central. Las actuaciones siempre debían desarrollarse manteniendo los criterios estéticos de cubiertas, vuelos y alturas actuales presentes en la edificación a reformar y en el entorno urbano.
Como consecuencia, la actuación trabaja principalmente sobre el interior, generando una nueva espacialidad alrededor de un patio de carácter semicerrado, que trata de reinterpretar la casa-patio tradicional de la zona. La inicial limitación de su largo fondo, se aprovecha para dividir la vivienda en dos partes alrededor de este patio  que se quiebra con forma de Z buscando la introducción de la luz, a través de un lucernario, hasta las partes más profundas del interior. Estas características convierten el patio en el centro vital  de las estancias y de las circulaciones, las cuales  se desarrollan en tres tramos diferenciados alrededor de los muros que sustentan los elementos de comunicación, concatenando y creando una conciliación de espacios que centraliza al habitante y su movilidad alrededor de un espacio comunitario, con nuevas visuales en el recorrido dinámico interior. Estos tres tramos permiten diferentes grados de apertura al patio, desde el tramo inferior, en panta baja, más abierto, hasta el más cerrado, en la segunda planta. Es en esta planta superior donde una pasarela se ilumina por la luz cenital procedente del lucernario, que vuelca los rayos del sol hasta la parte más profunda de la vivienda. Se crean así dos visuales diferentes: una visual que mira hacia dentro, hacia el espacio diagonal del patio y una visual hacia el exterior, donde el cielo y las vistas del Valle del Jerte, con sus laderas de cerezos, crean un fondo de escena.
","Ampliación, reforma o rehabilitación","Ingeniería de estructuras: Bernabéu Ingenieros SL.
Ingeniería de Instalaciones: Esdicain 
Aparejador: Carlos Rubio Manso.

","[""Residencial""]","Plaza de Extremadura, 79, Cabezuela del Valle, Cáceres.",Espana,20220303125420_biau-casa-z-panel-dina1-ai.pdf,20220303125420_01-cesi-n-de-documentaci-n-biau-casa-z-firmada-pdf.pdf,20220303125420_imagen-principal-alta-calidad.jpg,20220303125420_imagen-principal-baja-calidad.jpg,20220303125420_01-fotos-preexistencia.jpg,20220303125420_02-situacion.jpg,20220303125420_03-iso.jpg,20220303125420_04-plantas.jpg,20220303125420_05-seccion.jpg,20220303125420_06-foto-04.jpg,20220303125420_07-foto-05.jpg,20220303125420_08-foto-01.jpg,20220303125420_09-foto-02.jpg,20220303125420_10-foto-03.jpg,"Joaquín Mosquera Casares","Joaquín Mosquera Casares",+34657061391,studio@idearch-studio.com,studio@idearch-studio.com,1,,,,,192294.52,354.08,Euro,M2,"El proyecto responde a un cliente que necesita una vía para llevarle de nuevo a sus orígenes, para recordar su infancia en el pueblo. Igualmente, su intención de re-habitar la vivienda, en estado ruinoso, era atraer a futuras generaciones mediante un espacio que mirara hacia adelante, respetando los valores fundamentales transmitidos desde generaciones anteriores.
La vivienda ha demostrado ser capaz de responder a necesidades que se han visto acrecentadas después del momento convulso de la pandemia, en definitiva, un mayor acercamiento al mundo rural. 3 generaciones se mezclan en esta vivienda, alrededor de un espacio común, un patio en Z.
","El trabajo en la casa Z consistió en encontrar la forma de recuperar un espacio en estado de gran deterioro, manteniendo el valor histórico del sitio con un máximo aprovechamiento interior. Ante los bordes a los que se enfrenta, el proyecto toma un elemento fundamental de la arquitectura tradicional de Iberoamérica, el patio, para solucionar la geometría alargada de la parcela, abriendo el conjunto en dos mitades alrededor de un espacio blanco y luminoso. El uso de un trazado en Z permite generar una gran riqueza interior, invitando a los usuarios a reunirse en torno a él, convirtiéndolo en el núcleo y foco de las relaciones de la casa, y poniendo al habitante en el centro de la vida.

El proyecto transforma un espacio de vivienda abandonado y deteriorado, para convertirlo en un nuevo espacio habitable y acogedor, contemporáneo en sus valores, pero respetuoso hacia un pasado histórico, un área de interés patrimonial. El proyecto regenera y renueva un espacio vividero tejiendo nuevos valores contemporáneos dentro de una piel respetuosa con el entorno tradicional.
",,,,"[""Protección patrimonial""]","""""","[""Rehabilitación"",""Reutilización y reciclaje"",""Espacios saludables""]","[""Autosuficiencias domésticas""]",20220303125420_02-declaraci-n-jurada-biau-casa-z-firmada.pdf,Privado,,"CALLE GALILEO 69 local bajo izq"
29,0,"2022-03-03 19:38:59",,"Aula Caracola","Conjuntos Empáticos (Sálvora Feliz + Marta Benito + Tomás Pineda)",CAR019,27-11-2019,"No procede","Aula Caracola se plantea como un espacio alternativo al aula convencional, generando una atmósfera diferente en la que reflexionar y plantear diferentes posibilidades de acción en el espacio público que rodea la ubicación escogida, el jardín de la Universidad de Arquitectura","Proyecto efímero","Alberto Ferrero, Noemí Díaz, Karen Denisse Aceves Rocha, Ricardo Canseco Sánchez, Carlos Cid Marin, Elizabeth Lozano Bobadilla, Diana Melisa Magaña García, Diana Mendoza Fernandez, José Jorge Puentes Larios, Blanca Citlali Ramírez Barajas, Eduardo Ramírez Díaz, Paulina Rodríguez de la Cruz, Valeria Rodríguez Sotelo, Karla Cristina Sánchez Felix, Montserrat Santos Sevilla, Andrea Sofia Ugarte lozano, Ever Louis Villafañe Espinoza, Andrea Villarreal Flores, José Manuel Román Apodaca.","[""Espacios libres""]",Guadalajara,Mexico,20220303193859_car019.pdf,20220303193859_cesion-derechos.pdf,20220303193859_fel0041-foto00.jpg,20220303193859_fel0041-foto00.jpg,20220303193859_fel0041-foto01.jpg,20220303193859_fel0041-foto02.jpg,20220303193859_fel0041-foto03.jpg,20220303193859_fel0041-foto04.jpg,20220303193859_fel0041-foto05.jpg,20220303193859_fel0041-foto06.jpg,20220303193859_fel0041-foto07.jpg,,,,"Conjuntos Empáticos","Sálvora Feliz ",636192021,info@conjuntosempaticos.com,info@conjuntosempaticos.com,1,,,,,250,65,Euro,M2,"Esta iniciativa nace en colaboración con las alumnas de arquitectura de la Universidad Autónoma de Guadalajara (México) construyeron de forma colectiva un prototipo de arquitectura neumática, para la generación de un aula al aire libre en el jardín del Campus.","Esta acción consta de diferentes momentos para llevarse a cabo, como son: diseño, patronaje, corte, unión por soldadura, inflado y disfrute. Esta sucesión de momentos resume la secuencia de taller, que tiene como objetivos la transmisión de un conocimiento tecnológico y la profundización sobre una metodología específica de activación del espacio público, en este caso a través de la construcción de un espacio cubierto en el jardín.",,,,"[""Procesos participativos"",""Equidad espacial""]","[""Cooperación publico-privada""]","[""Reutilización y reciclaje""]","[""Autosuficiencias comunitarias""]",20220303193859_declaracion-jurada.pdf,"Universidad Autónoma de Guadalajara (México)",,"C/Menorca nº6 5ºD 28009 Madrid"
30,0,"2022-03-10 16:44:12",,"Casa Pitaya","Taller General + Jose María Sáez",PTY123,17-09-2021,"No procede","Vivienda de fin de semana que establece una relación íntima con la naturaleza manteniendo una buena conexión con el exterior, planteando una alternativa a la cotidianidad. Localizada en Mindo, un pueblo situado en el bosque húmedo del Chocó andino ecuatoriano, esta zona se caracteriza por tener altas precipitaciones, clima cálido y una humedad ambiental bastante elevada.
La casa fue construida con madera laminada de pino, buscando potenciar el uso de este sistema constructivo emergente en Ecuador. Se utilizan las 3 secciones optimas que puede producir el fabricante 30x11 cm., 30x7,5 cm. y 30x3,5 cm. para estructura principal, estructura secundaria y complementos respectivamente y una longitud máxima de 9,5 metros condicionada por el transporte y el peso de cada pieza ya que el montaje se lo realiza manualmente.
Se busca una vivienda que pueda cambiar en función de su uso, que pueda servir adecuadamente a la familia y que a su vez pueda albergar a más usuarios y actividades diversas. Aprovechando el clima particular de Mindo se establece que las condiciones de confort para la familia no son las mismas que para las visitas, ellos ocuparán la casa por largos periodos de tiempo por lo que se piensa en cápsulas que puedan aislarse del contexto y mantener estándares de confort altos. Las visitas pueden ocupar el espacio de una manera más informal, sin habitaciones de huéspedes, utilizando espacios intermedios, anexos a las cápsulas de uso familiar, que
puedan ampliar la capacidad de ocupación de estas y habilitarse de acuerdo a la necesidad.
Estos espacios intermedios también sirven de circulación, aprovechan las vistas privilegiadas y posibilitan infinitas maneras de ocupar la casa. Además, permiten al usuario modelar la escala de cada cápsula de acuerdo a su necesidad, cualquier habitación de la casa puede crecer y servirse de estos espacios cuando se requiera.","Obra nueva","Madebu, Rothoblast Ecuador, Frugal Ingeniería","[""Residencial""]","Cantón Mindo, Pichincha",Ecuador,20220310164411_lamina-web.pdf,20220310164412_tallergeneral-autorizaci-n.pdf,20220310164412_casa-pitaya-taller-general-jose-maria-saez-0154webrgb.jpg,20220310164412_casa-pitaya-taller-general-jose-maria-saez-0154webrgb.jpg,20220310164412_casa-pitaya-9804webrgb.jpg,20220310164412_casa-pitaya-9851webrgb.jpg,20220310164412_casa-pitaya-9891webrgb.jpg,20220310164412_casa-pitaya-taller-general-jose-maria-saez-0062webrgb.jpg,20220310164412_casa-pitaya-taller-general-jose-maria-saez-0100webrgb.jpg,20220310164412_casa-pitaya-taller-general-jose-maria-saez-9676webrgb.jpg,20220310164412_casa-pitaya-taller-general-jose-maria-saez-9729erbrgb.jpg,20220310164412_casa-pitaya-taller-general-jose-maria-saez-9741webrgb.jpg,20220310164412_casa-pitaya-taller-general-jose-maria-saez-9798webrgb.jpg,,"JAG studio","Martín Real Buenaño",+593992754224,tallergeneral.ec@gmail.com,tallergeneral.ec@gmail.com,1,,,,,490000,430,Dólares,M2,"Familia de 4 miembros, Santiago, Mireya y sus dos hijas Emilia y Francisca mas los posibles invitados que habitaran temporalmente la casa.","A la casa se la plantea como un contenedor biodiverso que busca generar una relación entre lo natural y lo artificial, entendiendo por natural a la flora y fauna originaría de Mindo y por artificial a lo que se enfoque en resolver las necesidades cotidianas de los usuarios (tecnología, conectividad, ocio, confort). De esta forma se busca que la casa propicie un hábitat diverso.",,,,"""""","""""","[""Reducción emisiones C02"",""Gestión de residuos"",""Protección biodiversidad""]","[""Autosuficiencias domésticas"",""Tecnología e innovación cívica""]",20220310164412_tallergeneral-declaraci-n.pdf,"Santiago González y Mireya Salgado","Taller General + Jose María Sáez + Estefanía Jácome",170403
31,0,"2022-03-10 22:36:09",,"Escenario Alterno 2","Taller General",ESC222,10-06-2020,"No procede","El contenedor
En el centro histórico de Quito, hay un sinnúmero de espacios en desuso. Estas  grandes viviendas patrimoniales poseen altas regulaciones para su intervención, sin embargo muchos propietarios mediante la autoconstrucción realizan subdivisiones, que, muchas veces, tiene como consecuencia espacios inutilizables.
El espacio de acción cuenta con 28m2 y se debe adaptar para que funcione una vivienda mínima, como primera acción se quita un división de madera que divide el espacio en dos.
Se genera una conexión con un espacio lateral de 5m2 que se encuentra elevado medio nivel para no afectar a la estructura existente de adobe, se propone una célula autónoma que concentra cocina, baño, escaleras y espacios de almacenamiento. La célula se conforma con una estructura metálica, (resistente, ligera y de fácil montaje) y mediante diversos cierres resuelve la propuesta.
El prototipo
La célula autónoma es una oportunidad para crear un prototipo funcional, para esto utilizamos tubos estructurales metálicos cuadrados de 1”¼, el desafío estaba en resolver las uniones, la estabilidad y los cierres. Para las uniones de los tubos utilizamos pernos, esto nos permite montar toda la estructura en una semana y sin personal calificado, contrario a lo que implicaría utilizar soldadura. Las superficies se conforman con duelas de madera, resolviendo los estantes de cocina, escalones, descanso de la escalera y el piso del ropero. Para los cierres del baño se utilizó vidrio, policarbonato y puertas de madera, todos los cierres, como también los artefactos sanitarios son reutilizados.
Para habilitar el espacio como vivienda se realiza ésta célula autónoma utilizando tubos estructurales metálicos cuadrados de 1”¼, el desafío estaba en resolver las uniones, la estabilidad y los cierres. 
Para las uniones de los tubos utilizamos pernos, esto nos permite montar toda la estructura en una semana y sin personal calificado, contrario a lo que implicaría utilizar soldadura.
Las superficies se conforman con duelas, resolviendo los estantes de cocina, escalones, descanso de la escalera y el piso del ropero, para los cierres del baño se utilizó vidrio, policarbonato y puertas de madera, todos los cierres, como también los artefactos sanitarios son reutilizados.
Femingas, una herramienta (de)construcción feminista
Para construir el prototipo pensamos que lo importante es meter las manos, lograr entender qué grado de dificultad tiene el armado, queríamos que sea rápido y fácil de montar.
Realizamos seis encuentros de construcción entre mujeres, en donde buscamos fomentar procesos colectivos de auto organización y crear una alternativa (de)construcción feminista que nos permite ser autónomas y experimentar sobre los roles de género asignados socialmente dentro de la práctica de la construcción.
","Ampliación, reforma o rehabilitación","Taller General","[""Residencial""]","Jose de Antepara, Quito",Ecuador,20220310223608_lamina-web.pdf,20220310223608_tallergeneral-autorizaci-n.pdf,20220310223608_escenario-alterno-02-10.jpg,20220310223608_escenario-alterno-02-10.jpg,20220310223608_escenario-alterno-02-01.jpg,20220310223608_escenario-alterno-02-02.jpg,20220310223608_escenario-alterno-02-03.jpg,20220310223608_escenario-alterno-02-04.jpg,20220310223608_escenario-alterno-02-06.jpg,20220310223608_escenario-alterno-02-08.jpg,20220310223608_escenario-alterno-02-13.jpg,20220310223608_escenario-alterno-02-14.jpg,20220310223608_escenario-alterno-02-16.jpg,20220310223608_escenario-alterno-02-19.jpg,"Andres Villota","Florencia Sobrero",+593983830854,tallergeneral.ec@gmail.com,tallergeneral.ec@gmail.com,1,,,,,1700,33,Dólares,M2,"Propietarios de la vivienda que recupera un espacio subutilizado, usuaria de la vivienda bajo formato de renta, participantes de las Femingas que desarrollaron habilidades en la construcción.","Interés en generar valor a espacios subutilizados del centro histórico de Quito, apoyar a la inserción de vivienda en la zona y aprovechar el ejercicio para fomentar procesos colectivos de auto organización y crear una alternativa (de)construcción feminista que nos permite ser autónomas y experimentar sobre los roles de género asignados socialmente dentro de la práctica de la construcción",,,,"[""Procesos participativos""]","[""Tenencias alternativas"",""Reducción desigualdad""]","[""Rehabilitación"",""Reutilización y reciclaje""]","""""",20220310223608_tallergeneral-declaraci-n.pdf,"Florencia Sobrero","Taller General",170403
32,0,"2022-03-13 15:56:44",,"Re a la Ñ: Reforma integral y cambio de uso de local a vivienda ","Luis Sans Llopis",REÑ940,"No procede",24-02-2021,"RE a la Ñ nace de la voluntad de un matrimonio de REhabitar/REadaptar/REformar/REdiseñar/REactualizar/REhabilitar/REordenar/REvivir.... un antiguo local entre medianeras de muros de carga de ladrillo macizo, de planta alargada de crujía estrecha con una distancia entre fachadas de 20m y con dos patios a distinta cota. Este local, situado en una antigua guardería, que más tarde serviría para alojar a la policía municipal, habría sentido el paso del tiempo en su integridad, presenta serias patologías estructurales, deficiencias en accesibilidad y una distribución que lejos estaba de cumplir con los requisitos mínimos para ser habitable.

El proyecto es un constante esfuerzo para proveer al área central de la vivienda de luz y ventilación natural. Estos condicionantes, sumados a un bajo presupuesto, llevaron a adoptar una estrategia de proyecto sencilla: reconfigurar el espacio, agrupando el núcleo de servicios y la escalera a lo largo de sus medianeras. Permitiendo así la reorganización y ampliación de los huecos en las fachadas. Dotando de luz, ventilación cruzada a todas las estancias y liberando espacios servidos de planta baja. También facilita los posibles requisitos que se le puedan demandar a la vivienda a lo largo del tiempo.

Consciente de su relación con el entorno y con su condición pública, la fachada principal respeta la composición estética existente, creando una nueva en segundo plano y generando el acceso mediante una rampa que salva la diferencia de cota entre lo público y lo privado. Cumpliendo así con los requisitos de accesibilidad de los clientes.
Por contra, la fachada posterior aprovechándose de la condición informal de los espacios traseros, se refleja el dinamismo de la vida cotidiana y se adapta en su geometría a las necesidades tanto visuales como funcionales del interior. Ésta cede superficie a la terraza en ambas plantas y así difumina los límites entre interior/exterior generando un espacio continuo a lo largo de toda la vivienda. 

En planta baja junto a la entrada principal se sitúa una estancia polivalente capaz de hacer las funciones de despacho o habitación de invitados. Permitiendo que los recorridos de los usuarios temporales no interfieran en el día a día de los habitantes habituales de la vivienda. Esto también nos permite crear un espacio colchón que separa la calle de un gran salón-comedor-cocina. Dicho espacio diáfano, se conecta a la terraza que da a la fachada posterior y que mediante una puerta, cuando es necesario, se puede ampliar aún más para abrirse al exterior.

El acceso a planta primera se realiza por la escalera realizada en una sola pieza de chapa metálica. Se ha diseñado de tal forma que la escalera queda iluminada a través de la ventana que da al patio interior situado en planta primera. En ella se localiza el área más privada e íntima de la casa con un baño y las dos habitaciones (una de ellas con vestidor). Ambas conectadas por la terraza y el vestíbulo. Siguiendo con el objetivo de captar y conducir la máxima luz natural posible al interior.","Ampliación, reforma o rehabilitación","Javier Caamaño (Estructuras)
Carles Cases (Instalaciones)
Gonzalo Marjalizo Perez-Pozo (Delineación)
Jose Joaquin Andujar (Mediciones y presupuestos)
Joan Guillamat (Fotografías)","[""Residencial""]","Carrer de Josep Cuxart i Cases nº 5 CP 08940 Cornellà de Llobregat, Barcelona",Espana,20220313155552_l-mina-biau-xii-edificacion-final.pdf,20220313155552_xii-biau-re-mod-difusion.pdf,20220313155552_01-xii-biau-re-a-la.jpg,20220313155552_01-xii-biau-re-a-la-baja-res.jpg,20220313155552_02-xii-biau-re-a-la-re-a-la.jpg,20220313155552_03-xii-biau-re-a-la.jpg,20220313155552_04-xii-biau-re-a-la.jpg,20220313155552_05-xii-biau-re-a-la.jpg,20220313155552_06-xii-biau-re-a-la.jpg,20220313155552_07-xii-biau-re-a-la.jpg,20220313155552_08-xii-biau-re-a-la.jpg,20220313155552_09-xii-biau-re-a-la.jpg,20220313155552_10-xii-biau-re-a-la.jpg,20220313155552_11-xii-biau-re-a-la-planos.jpg,"Joan Guillamat (Fotografías) y Luis Sans Llopis (planos)","Luis Sans Llopis",615628692,luissansarquitectura@gmail.com,luissansarquitectura@gmail.com,1,,,,,78454,182,Euro,M2,"RE a la Ñ es la respuesta radical en su forma de habitar de un matrimonio que tras la independencia de sus hijos se replantean cuáles tanto a nivel de sociabilización, accesibilidad, priorizando su calidad de vida y de la comunidad en donde se ubica la obra. Por ello se Rehabilita/Rehabitar/Readaptar/Reformar/Rediseñar/Reactualizar/Rehabilitar/Reordenar.... un antiguo local entre medianeras en la vivienda de sus sueños accesible y preparada tanto para sus necesidades presente como futuras situadas al margen de lo usual.

El proyecto es un constante esfuerzo para proveer al área central de la vivienda de luz y ventilación natural. Estos condicionantes, sumados a un bajo presupuesto, llevaron a adoptar una estrategia de proyecto sencilla: reconfigurar el espacio, agrupando el núcleo de servicios y la escalera a lo largo de sus medianeras. Permitiendo así la reorganización y ampliación de los huecos en las fachadas. Dotando de luz, ventilación cruzada a todas las estancias y liberando espacios servidos de planta baja. Además el proyecto se hizo bajo la premisa que se realizase con materiales durables/recicables, de bajo mantenimiento con industriales de la zona y que se reaprovechase/reciclase y/o al máximo los residuos generados
por la obra, reduciendo así su impacto ambiental.","RE a la Ñ da respuesta a las necesidades sus moradores, quehacer cotidiano, proyecto de vida, respeta el entorno y reduce el impacto ambiental que causa el sector de la construcción. Por ello:
• Respetar la composición estética de la existente en la facha principal, creando una nueva en segundo plano que hace de transición entre lo público y lo privado.
• Insertar una rampa que salva la diferencia de cota haciéndola accesible.
• Crea visuales, espacios exteriores/interiores que reflejan el dinamismo de la vida cotidiana y se adapta en su geometría a las necesidades tanto visuales como funcionales del interior.
• Dotar de diversos espacios tanto interiores como exteriores de distintas alturas y dimensiones. 
• Proveer al área central de la vivienda de luz y ventilación natural.
• Confort saludable utilizando colores cálidos tanto en acabados como en el mobiliario.
• Utilización de materiales de mantenimiento casi nulo.
• Reutilizar el andamio metálico utilizado para el derribo de la fachada posterior tanto para la cercha como para los refuerzos estructurales.
• Aumentar las aberturas existentes y colocar de carpinterías con rotura de puente térmico.
• Ventilación cruzada en todas las habitaciones y estancias de la vivienda.
• Aislar de todas las paredes, techos que dan al exterior.
• Sistema de climatización con aerotermia integrado en fachada posterior.
• Sistema de iluminación LED y detectores de presencia.",,,,"""""","[""Accesibilidad a la vivienda"",""Economía circular""]","[""Gestión de residuos"",""Eficiencia energética"",""Reutilización y reciclaje""]","""""",20220313155552_xii-biau-re-mod-obras.pdf,"OPEN SYSTEM SL.","LANTS 2, SL","C/LLUSA 48 1º 3ª 08028 Barcelona"
33,0,"2022-03-16 10:53:36",,"Recuperación en el Castillo de Morella","Carlos Quevedo Rojas / Carlos Peinado Madueño. (Carquero Arquitectura)",CQR777,"No procede",27-05-2021,"El criterio general de intervención ha sido el de restaurar y consolidar las fábricas existentes, manteniendo la fisionomía de las fábricas en el estado en que se han encontrado, principalmente en sus coronaciones, oquedades y superficies, evitando la reinterpretación de su estado original.

Para los elementos estructurales necesarios añadidos se ha recurrido a materiales compatibles como el hormigón de cal, con armaduras de acero inoxidable y fibra de vidrio, con tonalidades y texturas que se integran con el resto de la interesante estratigrafía histórica de las fábricas existentes y descubiertas. De la misma forma, para los elementos funcionales necesarios añadidos como las carpinterías, se recurre a acero inoxidable con tratamiento al vapor de titanio, dotándolo de un acabado que se integra con el resto de la intervención.

En el ámbito de la muralla aspillerada, de unos 70 metros de longitud y unos 14 metros de altura en extramuros, el trabajo principal se ha centrado en la consolidación estructural de la misma, al encontrarse en riesgo de colapso, así como la limpieza y restauración de la misma. En extramuros, se han colocado cuatro contrafuertes, reforzando la cimentación mediante la recuperación de terreno exportado así como sellado y consolidación de grietas.

En intramuros, se ha retirado un volumen importante de rellenos de periodo Carlista que afectaba estructuralmente a la muralla, apareciendo numerosos restos arqueológicos, depositados en el Museo del Castillo de Morella, así como el hallazgo de tres hornos de cal, dejando vistos paños de tapial de la muralla que quedaban ocultos. Para la recogida de aguas pluviales, principal causa de las patologías ocasionadas en las fábricas del Castillo, se ha dispuesto de un sistema de pavimentos difusos y canalizaciones que dirigen las aguas a una piscina exterior preexistente.

En la Torre de Sant Francesc se ha recuperado el acceso a la misma mediante la ejecución de la cubierta en su adarve anexo, su peldañeado, y el recrecido del muro exterior semiderruido y su atirantado. Se han restaurado todas sus fábricas, incluidas las de la rampa de acceso a la misma y las de su edificio anexo.

En la zona de la Torre de la Pardala, se ha realizado el vaciado de todo el relleno hasta su cota original para poder impermeabilizar y sistematizar la recogida de aguas en todo su ámbito, ejecutando la cubierta perdida de la misma. Se ha procedido a la restauración de las fábricas exteriores, con curiosos hallazgos como bolas de cañón incrustadas en la Torre, o una cañonera oculta.

En el mismo área, se ha realizado una puesta en valor de las letrinas al vuelo que quedaban desapercibidas, ejecutando una carpintería que permite acentuar y dejar visibles las ménsulas de este importante elemento histórico al ser el punto de entrada en 1838 de las tropas carlistas.","Ampliación, reforma o rehabilitación","Arquitecto técnico: 	Fermín Font Mezquita
Jefe de Obra: Josep Brazo i Ramírez
Arqueólogo: 	Ramiro Pérez Millán","[""Espacios libres""]","Castillo de Morella. Morella (Castellón)",Espana,20220316105336_biau-morella.pdf,20220316105336_xiibiau-obras-modelo-ficha-tecnica-y-autorizacion-pq.pdf,20220316105336_morella.jpg,20220316105336_morella-lr.jpg,20220316105336_01-planta-estado-reformado.jpg,20220316105336_02-extramuros-tras-intervenci-n.jpg,20220316105336_03-intramuros-tras-intervenci-n.jpg,20220316105336_04-foto-joan-roig.jpg,20220316105336_05-foto-joan-roig.jpg,20220316105336_06-foto-joan-roig.jpg,20220316105336_07-foto-joan-roig.jpg,20220316105336_08-foto-joan-roig.jpg,20220316105336_09-foto-joan-roig.jpg,20220316105336_10-foto-joan-roig.jpg,"Joan Roig","Carlos Quevedo Rojas",656260019,carquero@carquero.com,carquero@carquero.com,1,,,,,1511895,1400,Euro,M2,"Se trata de una obra de urgencia promovida desde el Instituto del Patrimonio Cultural de España ante el inminente riesgo de colapso de la zona afectada. Los usuarios, la población de Morella, que con 2500 habitantes, en una zona de interior poco transitable, depende básicamente del turismo. La conservación y mejora de su castillo, con 100.000 visitas al año, resulta esencial para la población local. ","La intervención ha permitido no sólo consolidar las fábricas históricas existentes, sino hacer accesibles las zonas derruidas, mostrar los hallazgos arqueológicos y fábricas ocultas, crear miradores que lo vinculan al territorio, poner en valor elementos puntuales de un gran valor histórico y, sobre todo, recuperar, como responsabilidad social con la población, unas áreas urbanas al aire libre en el interior del Castillo que sirvan como puntos de encuentro, cohesión social, articulación espacial, y dotarlo de habitabilidad y conexión entre el monumento y el núcleo urbano de Morella.

Bajo criterios de mínima intervención, compatibilidad material, historicidad, autenticidad e integración, se han mimado los detalles de la recuperación para garantizar los objetivos propuestos. Paisajísticamente, la recuperación de la Torre de Sant Francesc y su accesibilidad, la convierten en un mirador único del Castillo, antes impracticable, además de consolidar unas fábricas con un importante impacto visual y paisajístico desde el entorno de la comarca hacia la propia mole donde se ubica el Castillo.
",,,,"[""Espacios accesibles"",""Protección patrimonial""]","[""Regeneración urbana""]","[""Reutilización y reciclaje"",""Turismo sostenible""]","""""",20220316105336_xiibiau-obras-modelo-declaracion-arquitecto-pq.pdf,"SG del Instituto del Patrimonio Cultural de España, Dirección General de Bellas Artes (Ministerio de Cultura).","Urcotex Inmobiliaria S.L.U.","C/ Nereidas, 4, esc. 2, 2ºC. 11011, Cádiz"
34,0,"2022-03-16 17:39:39",,"Casa en el Páramo","ZITA, Daniel Feldman",ZIT400,30-09-2021,"No procede","ZITA diseño y construyo la Casa en el Páramo buscando crear un ejemplo de como construir en un paisaje frágil y con alto valor ecositémico. Estar ubicado a una altura superior a los 3,000 msnm y entre los trópicos de cáncer y capricornio, le da al páramo la capacidad de producir agua debido a la relación entre la cobertura vegetal única y el ambiente húmedo resultante de la condición de niebla semi-permanente. Esta niebla a su vez es uno de los elementos más presentes en el paisaje del paramo pues modifica constantemente la vista y profundidad del paisaje ocultando y revelándolo. 
Buscando tocar levemente el piso vegetal, la casa se eleva del piso mediante columnas en concreto las cuales trabajan sin viga de amarre en piso, evitando crear barreras a los flujos de agua subterráneos. Sobre estas columnas se instalo una estructura prefabricada de pórticos prefabricados en madera amarrados por un sistema de muros y cubierta en OSB estructural convirtiendo la piel de la casa en diafragma estructural. La instalación fue realizada 100% a mano evitando el ingreso de maquinaria pesada en obra. 
El programa se divide en dos módulos conectados por un “puente invernadero”. El modulo principal contiene zonas comunes y habitación principal. El segundo modulo alberga dos habitaciones. Al fragmentar los espacios la escala del proyecto se redujo y las dos piezas adquirieron mayor área de fachada lo que les permite tener diferentes diálogos con entorno por medio de vistas y transparencias. El espacio de usos comunales es orientado hacia el norte con vista predominante del paramo, y se instala una reja la cuál por medio de un mecanismo de polea diferencial accionada a mano se convierte en una terraza extendiendo la zona común al exterior. 
Construir en el páramo también presenta retos de confort térmico. Esta casa ofrece condiciones optimas térmicas por medio de estrategas pasivas de acumulación y disipación de calor evitando la dependencia en sistemas mecánicos. La forma de la cubierta permite que todos los espacios cuenten con luz directa e indirecta todo el día. Las claraboyas están acompañadas de secciones de muro pétreo que absorben calor del solo durante el día y lo expiden al interior de los espacios en la noche. El puente es acabado con piso en piedra local que acumula calor durante el día y lo reparte a los espacios interiores cuando anochece. Elevar la casa del piso también evita la acumulación de humedad permitiendo que los pisos estén permanentemente secos. 
Los muros, placa y cubierta tienen 5 capas de protección térmica permitiendo que la casa mantenga las condiciones adecuadas de confort de una manera pasiva. La capa exterior se compone de listones de pino ciprés quemado para protegerlo del agua e insectos. Detrás de estos una capa de vapor protege el panel estructural de osb y dentro de este material aislante. Al interior, muros y cubierta son acabados en pino laminado cerrando al interior el sistema de control climático con un material que brinda tanto acabado como control de temperatura.","Obra nueva","CPM, LF Canon Engineering, Luis Cardenas","[""Residencial""]","Vía Parque Chingaza, La Calera",Colombia,20220316173939_a1.pdf,20220316173939_xiibiau-modelo-de-autorizacion-para-difusion.pdf,20220316173939_dsc-0126.JPG,20220316173939_dsc-0126-low.jpg,20220316173939_localizacion-1-500.jpg,20220316173939_planta.jpg,20220316173939_corte-1.jpg,20220316173939_fachada-2.jpg,20220316173939_dibujo-1.jpg,20220316173939_dsc-0070.jpg,20220316173939_dsc-0275.jpg,20220316173939_img-8895.jpg,20220316173939_img-8298.jpg,20220316173939_img-8933.jpg,"Daniel Feldman","Daniel Feldman",573102965692,df@zi-ta.co,df@zi-ta.co,1,,,,,90000,150,Euro,M2,"Los clientes son una pareja de economistas ambientales con una hija y un hijo quienes buscaban habitar el páramo de una manera sensible con el ecosistema en el cual se implantan. Consientes del valor del lugar entendieron que el sueño de crear una casa era en realidad una oportunidad para generar un ejemplo. Esto permitió planear la casa como una declaración la cual contrarrestar las tendencias de casas innecesariamente grandes sin conciencia de su impacto ambiental. Adicionalmente, al llevar a cabo esta casa crean un modelo económico que se opone a la lógica de explotación agro-industrial del lugar. ","Los ecosistemas de páramo tienen un rol vital en los ciclos ecosistémicos de las cordilleras andinas. Su capacidad de “fabricar” agua no solo nutre los suelos de los lugares donde están ubicados, sino que son la principal fuente de agua que soporta la vida de poblaciones en su entorno cercano y lejano. El sistema de paramos de Sumapaz, Cruz Verde, y Chingaza es el responsable de la producción de agua para Bogotá y sus municipios aledaños volviéndolos la principal fuente de vida para mas de 12 millones de personas. Este ecosistema de montaña, rico en minerales y nutrientes, también ofrece grandes oportunidades mineras y agro industriales volviéndolo un territorio en disputa pues sus yacimientos de oro y suelos fértiles han ubicado al gobierno en una posición en la cual deben poner sobre la balanza la existencia física de sus habitantes vs las oportunidades económicas que vendrían de la mano de la explotación del lugar. Crear un ejemplo de como habitar el lugar de una manera sensible y responsable con el ecosistema se convirtió en la forma como vimos que podríamos aportar a la discusión de preservación del lugar desde la arquitectura. Participar de esta confrontación nos motivo a crear la Casa en el Paramo. ",,,,"""""","[""Tenencias alternativas""]","[""Reducción emisiones C02"",""Eficiencia energética"",""Espacios saludables"",""Protección biodiversidad""]","""""",20220316173939_xiibiau-obras-modelo-declaracion-arquitecto.pdf,"Javier Tomas Blanco",ZITA,
35,0,"2022-03-20 18:45:29",,"Ca la Closa","Núria Salvadó Aragonès",CLC2020,"No procede",01-01-2021,"Ca la Closa es una casa formada por dos pequeños refugios destinados a dos hermanos montañeros, muy acostumbrados a pasar el fin de semana en una furgoneta, que valoraban tan habitable el espacio interior como el exterior.

La parcela de esta casa entre medianeras es estrecha y profunda. Su fachada oeste tiene unas maravillosas vistas sobre el Montsant, pero está expuesta al fuerte viento de la zona “el mestral”. La este es la que conecta con la vida del pueblo. Dentro resistía un viejo almendro que se quiso mantener y transformar en la parte central de la casa sobre la cual pivotan los espacios interiores habitables.

Se decide situar dos cuerpos cerámicos en cada extremo del solar, y a cotas diferentes. La pieza superior, la que da a la calle, es simple, más parecida a un refugio de montaña, con un único espacio interior  y un espacio exterior, la terraza orientada a sur. La pieza configura un lugar donde resguardarse durante la noche, pero que crea un gran porche que recuerda los accesos de las casas vernáculas y permite justificar la plaza de aparcamiento obligatoria según a normativa urbanística del lugar. En cambio, la pieza inferior, que rodea al almendro y se sitúa al fondo del solar, es más compleja y está configurada por tres espacios exteriores (el porche/aparcamiento, el patio y el balcón con vistas hacia el Montsant) y tres interiores: la cocina, la única habitación de la casa y el espacio de reunión compartido.

Así pues, Ca la Closa se transforma en la mínima expresión construida de dos experiencias vitales suficientes independientes, pero a la vez suficientemente conectadas y con recursos compartidos, que se ajustan a la flexibilidad y al presupuesto que se pedía. Un total de 80 m2 interiores y 54 m2 exteriores, con un coste total de 132.000 euros, algo más que dos Volkswagen California equipadas. 
","Obra nueva","Mireia Pla, Anna Puig y Ingasi Pagés colaboradores","[""Residencial""]","Carrer Ciutadella 8, La Morera del Montsant",Espana,20220320184528_biau-xii-ca-la-closa-b.pdf,20220320184528_ca-la-closa-cesion-imagen.pdf,20220320184528_cartografia-12-aperturas-y-4-espacios-exteriores-alta.jpg,20220320184528_cartografia-12-aperturas-y-4-espacios-exteriores.jpg,20220320184528_secci-morera.jpg,20220320184528_morera-1.jpg,20220320184528_morera-2.jpg,20220320184528_morera-3.jpg,20220320184528_morera-4.jpg,20220320184528_morera-5.jpg,20220320184528_morera-6.jpg,20220320184528_morera-7.jpg,20220320184528_morera-8.jpg,20220320184528_morera-9.jpg,"José Hevia","Núria Salvadó Aragonès",647619121,nsalvado@coac.net,nsalvado@coac.net,1,,,,,132000,80,Euro,M2,"Los promotores son dos hermanos que querían disfrutar de pequeño espacio para los fines de semana, siempre relacionada con el paisaje, con la calle y el espacio exterior. Donde el espacio exterior era tan importante como el interior, y cuya construcción supusiera una inversión para cada uno de ellos menor que la compra de una autocaravana.
Los usuarios son sus familiares y amigos. Uno de ellos tiene pareja, dos hijos con ella y dos hijos más de otra pareja. El otro sólo tiene pareja pero cuenta con un gran número de amigos con los que comparte excursiones y escaladas los fines de semana, con lo cual el número de habitaciones de la casa era ""indefinido"", nunca podían ser suficientes para dar cobijo a todos ellos, por eso se optó por la fórmula del doble ""refugio"". Dos espacios que podían funcionar independientemente. Un lugar donde pueden dormir dos, u ocho, aunque alguna vez han sido hasta quince.","Ca la Closa es una respuesta diferente a las construcciones de viviendas destinadas a segundas residencias, en núcleos rurales de muy baja densidad. Supone un equilibrio entre la mínima construcción, el mínimo consumo energético y la máxima efectividad y confortabilidad. Colocada dentro de un solar entre medianeras, donde sólo quedaba de la antigua casa un pequeño muro, unas cuantas tejas y un almendro, el proyecto trabaja con todos estos elementos, y soluciona con un programa mínimo las necesidades de sus habitantes. En ella se comparten los espacios exteriores, las instalaciones, la zona de lavar y el fuego. La forma de vivir y ocupar la casa se adapta a las situaciones variables del número de habitantes. ",,,,"[""Gestión comunitaria"",""Equidad espacial""]","[""Accesibilidad a la vivienda""]","[""Turismo sostenible""]","[""Autosuficiencias domésticas""]",20220320184528_ca-la-closa-autorizacion.pdf,"Jordi Artigas","Construccions Balañà
Carpinterías Carreté
Igobal instalaciones
Tallfusta","Carrer Antoni Gaudí 66-C 5e2a, 43203 Reus"
36,0,"2022-03-21 15:42:12",,"La Balma cooperativa de vivienda","Lacol SCCL + Laboqueria taller d’arquitectura SCCL",LCB135,"No procede",10-02-2021,"La Balma es un edificio de vivienda cooperativa que busca construir vivienda asequible con altos estándares de sostenibilidad, garantizando un gasto en construcción y mantenimiento del edificio muy optimizado, con una reducción de más del 50% en el coste energético. Además el proyecto ofrece un edificio que potencia la creación de comunidad a partir de espacios comunitarios. 

El edificio consta de 20 viviendas y varios espacios comunitarios, los cuales han sido decididos en un proceso participativo con los futuros usuarios durante la fase de diseño. En la planta baja se ubica el comedor comunitario, un espacio taller y dos locales comerciales que gestiona la cooperativa. En las plantas superiores se distribuye en cada planta una pieza comunitaria: sala polivalente, biblioteca, habitaciones de invitados, espacio para cuidados y lavandería. Los espacios comunitarios se distribuyen en altura a lo largo del núcleo vertical obligando a los usuarios a usar todo el edificio. Las circulaciones se entienden como espacios de socialización y reposo. La cubierta, donde llega el ascensor, es un espacio de más de 300m2 con vistas a la ciudad que se empieza a llenar con la vida que decidan sus habitantes: espacio en sombra, huertos, barbacoa, etc.
Fue voluntad de la comunidad que La Balma fuera, al mismo tiempo que un edificio de viviendas, un equipamiento para el barrio, un espacio más del tejido asociativo. Por eso la cocina-comedor de planta baja es un espacio polivalente con posibilidad de uso externo.

Las viviendas están pensadas para que cada usuario elija la distribución interior dentro de unas reglas establecidas. Todas parten de un módulo base de 50m2 (S), equipado con cocina y baño. A éste se la añaden piezas extras de 16m2. Estas piezas pueden ser anexadas a un piso o a otro según necesidades de los usuarios formando pisos medianos (M) o grandes (L). El sistema permite flexibilidad real tanto en distribución como en crecimiento o decrecimiento de las viviendas, ya que la cooperativa es la única propietaria del edificio.

Las estrategias ambientales principales consisten en la reducción de la demanda energética (el edificio entendido como refugio de pobreza energética) y construcción de mínima huella de carbono. Los objetivos se consiguen con:

•	Compactación de las zonas climatizadas (viviendas y espacios comunitarios).
•	Cambio en las pasarelas de acceso: plantas inferiores como protección acústica y plantas superiores protección solar.
•	Centralización de instalaciones de máxima eficiencia. Geotermia para agua caliente y clima y recirculación de agua del subsuelo para refrescar en verano.
•	Paneles de arcilla radiantes en cara interior de fachada.
•	Instalaciones perfectibles: previsión para mejoras en el tiempo (fotovoltaicas, aguas grises, etc.)
•	Estructura que optimiza cada material en coste y prestaciones. Hormigón en cimientos y planta baja en contacto con el terreno. Madera en todos los espacios habitables ofreciendo confort, control higrométrico y teniendo un impacto ambiental positivo en el conjunto.
","Obra nueva","Societat Orgànica +10 SCCL y PauS (Dani Calatayud i Coque Claret), consultoría ambiental;
Arkenova SCCL, ingeniería instalaciones; 
Arrevolt SCCL, arquitectura técnica; 
Miguel Nevado, estructura; 
Àurea Acústica, ingeniería acústica.
","[""Residencial""]","Calle Espronceda 131-135, 08005 Barcelona",Espana,20220321154212_lamina-a1-castellano-hd-2.pdf,20220321154212_modelo-cesion-sign.pdf,20220321154212_la-balma-1500x1500-oriol-g-mez-cuberes-16.jpg,20220321154212_la-balma-1500x1500-oriol-g-mez-cuberes-baixa.jpg,20220321154212_oriol-g-mez-cuberes-contact-ogomezstudio-gmail-com-1.jpg,20220321154212_oriol-g-mez-cuberes-contact-ogomezstudio-gmail-com-2.jpg,20220321154212_oriol-g-mez-cuberes-contact-ogomezstudio-gmail-com-3.jpg,20220321154212_credit-milena-villalba-3.jpg,20220321154212_credit-milena-villalba-5.jpg,20220321154212_credit-milena-villalba-7.jpg,20220321154212_credit-milena-villalba-8.jpg,20220321154212_credit-milena-villalba-11.jpg,20220321154212_credit-milena-villalba-16.jpg,20220321154212_credit-velima-1.JPG,"Milena Villalba + ogōmezstudio","Ernest Garriga Vallcorba",649566912,ernest@lacol.coop,ernest@lacol.coop,1,,,,,2477000,2347,Euro,M2,"En el proceso de La Balma, los usuarios han acompañado la fase de diseño tomando decisiones que van desde lo colectivo (espacios comunes) a lo individual (interior de viviendas), siendo el proceso en si mismo un espacio donde construir comunidad. El proyecto intenta abarcar de forma amplia el concepto de “habitar”, teniendo en cuenta las diferentes esferas sociales que cruza un equipamiento como el de La Balma: barrio, edificio (comunitario), vivienda (espacio privado).","La Balma es el segundo proyecto de obra nueva de las denominadas cooperativa de viviendas en cesión de uso de Barcelona. Un movimiento que lucha para ofrecer vivienda pública de calidad teniendo en cuenta el vector comunitario, ambiental y económico al mismo tiempo que ofrece un modelo que libera estas viviendas de la especulación inmobiliaria. Para acompañar des de la arquitectura este modelo de promoción innovador en España, es indispensable demostrar que de puede diseñar y construir de modo que vivienda, confort, sostenibilidad y seguridad no son lujos inalcanzables.",,,,"[""Gestión comunitaria"",""Programas sociales"",""Espacios accesibles"",""Procesos participativos""]","[""Tenencias alternativas"",""Accesibilidad a la vivienda"",""Cooperación publico-privada""]","[""Reducción emisiones C02"",""Eficiencia energética"",""Espacios saludables""]","[""Autosuficiencias domésticas"",""Autosuficiencias comunitarias""]",20220321154212_xibiau-obras-modelo-declaracion-arquitecto-sign.pdf,"Sostre Cívic SCCL","La Constructiva SCCL","Riera d’Escuder, 38, nau 2 planta 1"
37,0,"2022-03-24 18:37:04",,"Casa Estudio Colorines","Luis Moctezuma Gutiérrez Cevada y Sonia Marcela López Domínguez",SUJ664,01-10-2020,"No procede","Creemos que este proyecto maneja dos singularidades, una se incluye en la dimensión espacial, donde la luz y la materialidad construyen diferentes atmosferas que potencializan la habitabilidad del espacio. El hecho de manejar una paleta de materiales mínima acusa la composición arquitectónica, la forma mesurada del espacio se mueve ligeramente al ritmo de la luz. Parafraseando al Arq. Ricardo Legorreta (1931-2011), se diría que el verdadero lujo es esta casa está en el espacio. 
La otra singularidad se ubica en la dimensión de lo social y creo que ahí radica lo más relevante de este trabajo. Para explicar esto, primero hay que entender un poco el hábitat en el que se establece. Ubicados en la ciudad de Puebla México, existe un fraccionamiento que inicia en 1958 bajo el nombre de Jardines de San Manuel. Este polígono representa uno de los primeros movimientos urbanos donde el modelo de ciudad compacta cambia por uno desagregado, dando origen a la primera periferia de la ciudad, el primer margen.
Hoy San Manuel es un territorio estratégicamente ubicado, pero con una imagen urbana precaria, al grado de tener zonas percibidas como inhóspitas y hostiles en el imaginario colectivo. Ahí, en ese hábitat se levanta la casa estudio Colorines, con la principal intención de convertirse en un mensaje dirigido a los arquitectos, pero también a los habitantes, así como a los representantes y dirigentes de la ciudad. El mensaje habla de equidad en el territorio, de reconstruir la ciudad pero también el pensamiento, de no desdibujar el territorio para olvidarlo, de eliminar el estigma y remplazarlo por inclusión y equidad.
La arquitectura puede significar un agente de cambio, sí habitantes y arquitectos generan una alianza donde la escucha y la colaboración sean el vehículo para reconstruir nuestras ciudades. No es preciso diseñar museos o torres, es urgente mirar de manera panorámica la ciudad, reconocer su diversidad y aceptar que el reto está en cada rincón del territorio, principalmente en la arquitectura social, ahí está el plato fuerte para los futuros arquitectos. 
Esta visión evidentemente se desprende de la sustentabilidad y aspira a una sociedad integrada, equitativa y resiliente.  
","Obra nueva","Ing. Michel Meza Cossio, Arq. Abdiel Cervantes Vargas","[""Residencial""]","Río Cazones #6115 fraccionamiento Jardines de San Manuel, Puebla, Pue. Mx.",Mexico,20220324183703_sej664.pdf,20220324183703_autorizacion-para-difusion.pdf,20220324183703_img-8149.jpg,20220324183703_img-7533.jpg,20220324183703_img-7581.jpg,20220324183703_img-7702.jpg,20220324183703_img-7705.jpg,20220324183703_img-8004.jpg,20220324183703_img-8005.jpg,20220324183703_img-8115.jpg,20220324183703_img-7646.jpg,20220324183703_img-8227.jpg,20220324183703_plantas-arquitect-nicas.jpg,20220324183703_vivienda-dinamica.jpg,"Rafael Cortes Casas","Luis Moctezuma Gutiérrez Cevada ","+52 2225056954",workshop.info.lmgc@gmail.com,workshop.info.lmgc@gmail.com,1,,,,,88115.68,300,Euro,M2,"La casa estudio fue la solución a las dinámicas de nuestra familia compuesta por dos niños infantes, el abuelo paterno y papá y mamá. Sonia y yo planeamos esta casa con la intención de solventar el mayor numero de dinámicas de nuestra familia mediante una flexibilización y maximización del espacio además de lograr espacios que nos permitieran contacto con el sol y el viento mediante terrazas para mitigar un poco el confinamiento de la pandemia que justo empezó de manera paralela con la construcción. ","Se trataba de hacer lo mas con menos, tanto es sentido económico como espacial, sin que esto significara la perdida de la habitabilidad y el confort. De manera que la administración de los recursos primero inicio en el plano, teniendo que hacer un espacio para descansar y recreación pasiva para el padre de Sonia, después otro espacio más grande para nosotros dos y nuestros hijos infantes. Estudiar virtualmente la primaria, mi última parte de maestría, el inicio del doctorado de Sonia, pero también dar clases en la universidad, desarrollar los encargos o proyectos que nos van llegando, además de vivir, descansar y convivir. Lo material también fue resuelto en función de los recursos económicos, de modo que se optio por ocupar ladrillo de arcilla extruido Novaceramic, de este modo la cimentación fue de menores dimensiones y menos acero de refuerzo, el ladrillo o tabique también nos dio la oportunidad de tener un acabado aparente final y con el tiempo tal vez darle un recubrimiento. Los pisos son de cemento pulido y la cocina esta fabricada in situ. 
Por otro lado, sobre el hábitat podemos empezar con nuestra visión de ciudad, creemos en la diversidad urbana como lo planta Jane Jacobs, en la ciudad que se puede caminar y cruzar sin rejas ni bardas, donde hay tienditas en la esquina y panaderías, donde la conectividad es real y puede uno caminar hasta llegar a una centralidad de la ciudad. Por eso elegimos San Manuel, fraccionamiento que en sus inicios (1959) era una promesa para el bien vivir, pero que con el tiempo ha ido quedando al margen, tanto como otras colonias consolidadas en la ciudad. La ciudad se ha fragmentado, la economía marca el rumbo y si bien es cierto que las ciudades crecen, creo que esa no es razón para olvidar a los demás, al resto.  De modo que construir en este hábitat es ante todo una postura socio-arquitectónica, que pone de manifiesto la responsabilidad que tenemos todos con nuestras ciudades. La arquitectura no esta limitada a lugares exclusivos o nuevas zonas en desarrollo, la arquitectura es para todos y tiene la posibilidad de reconfigurar la ciudad hacia una más humana, equitativa y resiliente. ",,,,"[""Equidad espacial"",""Usos mixtos""]","[""Regeneración urbana""]","[""Eficiencia energética"",""Espacios saludables""]","[""Autosuficiencias domésticas""]",20220324183703_declaraci-n-jurada.pdf,"Luis Moctezuma Gutiérrez Cevada y Sonia Marcela López Domínguez","Luis Moctezuma Gutiérrez Cevada y Michel Meza Cossio",72570
